Time,Conc,Dose mg/kg
0.083,2375.71669,1
0.25,1711.971775,1
0.5,1223.67009,1
1,863.30798,1
2,584.429947,1
3,411.43386,1
4,294.058313,1
5,214.460505,1
6,157.251257,1
7,120.48646,1
10,60.32915,1
11,51.346773,1
12,42.46163,1
15,33.510042,1
16,31.451622,1
18,27.661124,1
20,24.185177,1
24,21.797338,1
