Time(h),Concentration
0,1.11636658854895E+01
0.5,2.72743061183048E+01
1,2.69754675532709E+01
2,6.55397512765211E+01
4,3.8494936056417E+03
6,3.81248352462735E+05
8,3.50823364478448E+07
10,4.88674014108169E+08
12,5.37315025263754E+08
14,3.9125742724495E+08
16,3.18722560971688E+08
18,5.07701725320709E+08
20,4.38627429254937E+08
22,3.49600737183117E+08