Time(h),Concentration
0,9.86892062621268E+00
0.5,2.79298055914923E+01
1,7.83123971118144E+01
2,9.53739965442517E+02
4,8.09129773504923E+04
6,8.76955454464008E+06
8,3.13865614929041E+08
10,6.12699563955171E+08
12,4.63885973503713E+08
14,4.78169145770087E+08
16,4.31592977895154E+08
18,4.93346342407512E+08
20,4.75085282698889E+08
22,4.51424419984473E+08