Time(h),Concentration
0,1.04061031270726E+01
0.5,1.41243794609296E+01
1,1.05972857873706E+01
2,6.07553315076564E+00
4,9.83326759359353E+00
6,7.499117555636E+02
8,6.42604782070629E+04
10,4.89302165208839E+04
12,4.24421983613262E+05
14,3.57482358527815E+07
16,4.84876085580609E+08
18,3.55931692049436E+08
20,2.2497674044601E+08
22,4.21077338076557E+08