Time(h),Concentration
0,9.11844470754865E+00
0.5,1.77008974524754E+01
1,1.2664281419368E+01
2,5.27245486866799E+00
4,9.25694591226875E-01
6,3.09472581813407E+00
8,2.73245253753995E+02
10,2.52304038480034E+04
12,2.08129067862677E+06
14,1.71959563973351E+08
16,5.91564909227894E+08
18,4.93621500110778E+08
20,4.79853677426522E+08
22,4.67444798266304E+08