Time(h),Concentration
0,9.79410685646546E+00
0.5,2.32653321988698E+01
1,3.48638798965763E+01
2,6.7752405793344E+01
4,3.75100557991905E+03
6,3.63825529601352E+05
8,3.49841228474208E+07
10,2.9470039598341E+08
12,4.60157406117933E+08
14,4.45467860089756E+08
16,4.13542729106396E+08
18,3.38837416487697E+08
20,3.74544059402553E+08
22,5.22505319525057E+08