Time(h),Concentration
0,9.65804222262348E+00
0.5,1.65869316516799E+01
1,9.78136094279796E+00
2,4.72280370178959E+00
4,1.02729263489445E+01
6,7.24802691851423E+02
8,6.25318857595827E+04
10,4.80153682858454E+06
12,3.06377249983744E+08
14,5.81809715998413E+08
16,4.6641064737709E+08
18,3.57680283180729E+08
20,4.12128491654275E+08
22,4.36064333415166E+08