Time(h),Concentration
0,9.99990430606647E+00
0.5,3.18549801483356E+01
1,9.84920033765623E+01
2,8.87334504142167E+02
4,1.04335178690403E+05
6,8.1949165307371E+06
8,3.76838848464093E+08
10,4.80539187510814E+08
12,5.35794917134997E+08
14,4.5834633136886E+08
16,4.17640327069184E+08
18,5.05237604152959E+08
20,4.63920545369992E+08
22,3.70440382697179E+08