Time(h),Concentration
0,1.03323092460174E+01
0.5,1.26871336549069E+01
1,1.21832468971538E+01
2,4.46108666620047E+00
4,1.13748207770965E+00
6,2.97941508610616E+00
8,2.65145612882657E+02
10,7.43135167139333E+01
12,5.45041033678537E+01
14,8.16722448443589E+02
16,6.41777357314474E+04
18,8.36655407954165E+04
20,4.42284861169955E+05
22,1.56283273782053E+07