Time(h),Concentration
0,0E+00
0.5,1.42923574940403E+04
1,1.37030435742132E+04
2,1.04670320845354E+04
4,3.64560353777399E+03
6,1.17030516679195E+03
8,3.09761727507106E+02
10,9.09374269146719E+01
12,2.42074215870096E+01
14,8.21447136478773E+00
16,2.76967102067434E+00
18,7.33230262445435E-01
20,1.58244165333198E-01
22,6.8013979646377E-02