Time(h),Concentration
0,0E+00
0.5,1.28585595284957E+04
1,1.27277118849438E+04
2,8.72721811771122E+03
4,3.27309210159983E+03
6,8.77907778129224E+02
8,3.08142067549199E+02
10,1.17260040600683E+04
12,3.26873165703992E+03
14,1.02085104513397E+03
16,2.75377714401441E+02
18,1.02099530361176E+04
20,2.78513257460053E+03
22,1.12818252843619E+03