Time(h),Concentration
0,0E+00
0.5,1.27292800177024E+05
1,1.04202044415551E+05
2,9.80704604717672E+04
4,3.31606193525414E+04
6,8.69971551556528E+03
8,2.72419894448595E+03
10,9.32253105039106E+04
12,2.76213187714689E+04
14,9.48081560398182E+03
16,2.66818373098836E+03
18,9.38174952682569E+04
20,2.62211756349522E+04
22,9.48790468051788E+03