Time(h),Concentration
0,0E+00
0.5,3.91882577415016E+05
1,3.82379790535419E+05
2,2.73052419531267E+05
4,8.69214645581007E+04
6,2.96463274988293E+04
8,8.65942313277016E+03
10,2.71567330634776E+05
12,1.04132047230856E+05
14,2.83562890745999E+04
16,8.02707399100418E+03
18,2.58132612442561E+05
20,8.3609523408077E+04
22,2.83709939840638E+04