Time(h),Concentration
0,0E+00
0.5,3.52315209789288E+04
1,4.320091062783E+04
2,2.47574351219467E+04
4,9.3778848016246E+03
6,3.16325434262003E+03
8,7.60106405917008E+02
10,2.89434497216184E+04
12,9.63729020114608E+03
14,2.67825481626312E+03
16,9.23480488217791E+02
18,2.69461159119883E+04
20,9.21636684922774E+03
22,2.36423357533799E+03