Time(h),Concentration
0,0E+00
0.5,2.8889992429714E+04
1,5.03641049096748E+04
2,3.13049677366383E+04
4,8.68107362849079E+03
6,2.52949309953837E+03
8,8.21146516693598E+02
10,2.85438525932011E+02
12,7.45044072574049E+01
14,2.71366803957643E+01
16,6.144633107962E+00
18,2.10744228548021E+00
20,6.62906246293957E-01
22,1.69009851104993E-01