Time(h),Concentration
0,0E+00
0.5,1.07026922906352E+05
1,1.37773589535168E+05
2,1.07881077962367E+05
4,2.97973507819829E+04
6,7.79021732814723E+03
8,2.60594948422925E+03
10,7.52203125084736E+02
12,2.35852672311893E+02
14,7.72870588309619E+01
16,2.18488670148602E+01
18,6.75099770148459E+00
20,2.04902357611278E+00
22,6.33126299865064E-01