Time(h),Concentration
0,0E+00
0.5,3.39591270300827E+05
1,4.23745206958286E+05
2,3.20907183273391E+05
4,7.97871473365499E+04
6,3.04664395670768E+04
8,9.14727188900694E+03
10,2.12135100020578E+03
12,7.09477146672524E+02
14,2.0619032541638E+02
16,6.73286021409787E+01
18,2.05106130240971E+01
20,6.03472355528145E+00
22,1.70138198638543E+00