Time(h),Concentration
1,5.99351590032721E+02
2,2.30956861483564E+02
7,1.64728472048645E+02
9,6.84988755067547E+02
17,8.29160020943981E+02