Time(h),Concentration
1,7.99805671573222E+03
2,3.10772273486105E+03
7,2.56523545440905E+03
9,1.07174109093587E+04
17,9.93998051866217E+03