Time(h),Concentration
1,2.79498174791535E+03
2,1.28294338175464E+03
7,1.04801055644641E+03
9,3.55260857522718E+03
17,3.98433014515642E+03