Time(h),Concentration
0.25,2.18286838699813E+03
0.5,1.62471772066354E+03
1,4.69307039457553E+02
2,2.5627216529184E+02
4,2.18096407333157E+02
6,1.75233973071881E+02
8,1.83927501127994E+02
24,1.01158137471165E+02