Time(h),Concentration
1,1.58761611038646E+04
2,6.39494401272935E+03
7,2.43437132886188E+03
9,1.86699442583705E+04
17,1.72064437228978E+04