Time(h),Concentration
1,1.23796364236147E+03
2,4.46065367370747E+02
7,1.97643627773974E+02
9,1.25306488034735E+03
17,1.63908467451194E+03