Time(h),Concentration
0.25,1.28790659129905E+04
0.5,6.85470425732637E+03
1,3.13952696526762E+03
2,1.01617018225199E+03
4,8.08739374222225E+02
6,9.86987443679322E+02
8,1.00012623516041E+03
24,4.98586950081488E+02