Time(h),Concentration
1,5.56215795826405E+03
2,1.95194075087655E+03
7,9.05930724837785E+02
9,6.36800917372939E+03
17,7.20165351977691E+03