Time,VL,Patient 
6.284161491,5.071428571,18
7.131987578,6.071428571,18
8.198757764,5.714285714,18
9.177018634,6.714285714,18
10.08540373,4.785714286,18
12.06987578,4.357142857,18
13.04347826,3.428571429,18
14.04968944,4,18
14.98136646,3.714285714,18
16.9052795,4.214285714,18
17.69720497,4.071428571,18
18.89440994,3.714285714,18
19.85403727,3,18
20.95807453,2.071428571,18
22.85403727,3,18
24.57298137,2.642857143,18
26.77639752,2.857142857,18
28.69565217,3.428571429,18
